timestamp,signal_id,cycle,approach,C,EVU_raw,EVU_smooth,queue_len,arrival_rate,emergency,D,W,W_norm,Dprime,G_allocated,order_1,order_2,order_3,order_4,t_start,t_end,intergreen_L,T_base,G_min,G_max,alpha_up,alpha_down,beta,W_th,delta,T_alloc
2025-09-20T06:39:01.318735,SIGNAL_001,0,N,90.0,2.2,1.7600000000000002,0.0,3600.0,0,0.176,0.0,0.0,0.176,20.4999997722219,N,E,S,W,0.0,20.4999997722219,2.0,90.0,3.0,60.0,0.8,0.25,0.6,45.0,0.15,10.0
2025-09-20T06:39:01.318735,SIGNAL_001,0,E,90.0,2.2,1.7600000000000002,0.0,3600.0,0,0.176,0.0,0.0,0.176,20.4999997722219,N,E,S,W,22.4999997722219,42.9999995444438,2.0,90.0,3.0,60.0,0.8,0.25,0.6,45.0,0.15,10.0
2025-09-20T06:39:01.318735,SIGNAL_001,0,S,90.0,2.2,1.7600000000000002,0.0,3600.0,0,0.176,0.0,0.0,0.176,20.4999997722219,N,E,S,W,44.9999995444438,65.49999931666571,2.0,90.0,3.0,60.0,0.8,0.25,0.6,45.0,0.15,10.0
2025-09-20T06:39:01.318735,SIGNAL_001,0,W,90.0,2.2,1.7600000000000002,0.0,3600.0,0,0.176,0.0,0.0,0.176,20.4999997722219,N,E,S,W,67.49999931666571,87.9999990888876,2.0,90.0,3.0,60.0,0.8,0.25,0.6,45.0,0.15,10.0
2025-09-20T06:39:01.510520,SIGNAL_001,1,N,90.0,5.4,4.672000000000001,0.0,21452.593864409177,0,0.4672,0.0,0.0,0.4672,20.499999772222104,N,E,S,W,0.0,20.499999772222104,2.0,90.0,3.0,60.0,0.8,0.25,0.6,45.0,0.15,10.0
2025-09-20T06:39:01.510520,SIGNAL_001,1,E,90.0,5.4,4.672000000000001,0.0,21452.593864409177,0,0.4672,0.0,0.0,0.4672,20.499999772222104,N,E,S,W,22.499999772222104,42.99999954444421,2.0,90.0,3.0,60.0,0.8,0.25,0.6,45.0,0.15,10.0
2025-09-20T06:39:01.510520,SIGNAL_001,1,S,90.0,5.4,4.672000000000001,0.0,21452.593864409177,0,0.4672,0.0,0.0,0.4672,20.499999772222104,N,E,S,W,44.99999954444421,65.4999993166663,2.0,90.0,3.0,60.0,0.8,0.25,0.6,45.0,0.15,10.0
2025-09-20T06:39:01.510520,SIGNAL_001,1,W,90.0,5.4,4.672000000000001,0.0,21452.593864409177,0,0.4672,0.0,0.0,0.4672,20.499999772222104,N,E,S,W,67.4999993166663,87.99999908888842,2.0,90.0,3.0,60.0,0.8,0.25,0.6,45.0,0.15,10.0
2025-09-20T06:39:01.706021,SIGNAL_001,2,N,90.0,8.6,7.8144,2.5500000000000003,20088.248792961294,0,0.78144,2.5500000000000003,1.0,1.38144,30.404019244759283,N,E,S,W,0.0,30.404019244759283,2.0,90.0,3.0,60.0,0.8,0.25,0.6,45.0,0.15,10.0
2025-09-20T06:39:01.706021,SIGNAL_001,2,E,90.0,8.6,7.8144,0.0,20088.248792961294,0,0.78144,0.0,0.0,0.78144,17.198659948043122,N,E,S,W,32.40401924475928,49.602679192802405,2.0,90.0,3.0,60.0,0.8,0.25,0.6,45.0,0.15,10.0
2025-09-20T06:39:01.706021,SIGNAL_001,2,S,90.0,8.6,7.8144,0.0,20088.248792961294,0,0.78144,0.0,0.0,0.78144,17.198659948043122,N,E,S,W,51.602679192802405,68.80133914084553,2.0,90.0,3.0,60.0,0.8,0.25,0.6,45.0,0.15,10.0
2025-09-20T06:39:01.706021,SIGNAL_001,2,W,90.0,8.6,7.8144,0.0,20088.248792961294,0,0.78144,0.0,0.0,0.78144,17.198659948043122,N,E,S,W,70.80133914084553,87.99999908888864,2.0,90.0,3.0,60.0,0.8,0.25,0.6,45.0,0.15,10.0
2025-09-20T06:39:01.854958,SIGNAL_001,3,N,90.0,10.8,10.20288,0.0,20858.017735108973,0,1.020288,0.0,0.0,1.020288,20.49999977222217,N,E,S,W,0.0,20.49999977222217,2.0,90.0,3.0,60.0,0.8,0.25,0.6,45.0,0.15,10.0
2025-09-20T06:39:01.854958,SIGNAL_001,3,E,90.0,10.8,10.20288,0.0,20858.017735108973,0,1.020288,0.0,0.0,1.020288,20.49999977222217,N,E,S,W,22.49999977222217,42.99999954444434,2.0,90.0,3.0,60.0,0.8,0.25,0.6,45.0,0.15,10.0
2025-09-20T06:39:01.854958,SIGNAL_001,3,S,90.0,10.8,10.20288,0.0,20858.017735108973,0,1.020288,0.0,0.0,1.020288,20.49999977222217,N,E,S,W,44.99999954444434,65.49999931666652,2.0,90.0,3.0,60.0,0.8,0.25,0.6,45.0,0.15,10.0
2025-09-20T06:39:01.854958,SIGNAL_001,3,W,90.0,10.8,10.20288,0.0,20858.017735108973,0,1.020288,0.0,0.0,1.020288,20.49999977222217,N,E,S,W,67.49999931666652,87.99999908888869,2.0,90.0,3.0,60.0,0.8,0.25,0.6,45.0,0.15,10.0
2025-09-20T06:39:01.996658,SIGNAL_001,4,N,90.0,14.0,13.240576,0.0,28231.839869004263,0,1.3240576000000002,0.0,0.0,1.3240576000000002,20.499999772222186,N,E,S,W,0.0,20.499999772222186,2.0,90.0,3.0,60.0,0.8,0.25,0.6,45.0,0.15,10.0
2025-09-20T06:39:01.996658,SIGNAL_001,4,E,90.0,14.0,13.240576,0.0,28231.839869004263,0,1.3240576000000002,0.0,0.0,1.3240576000000002,20.499999772222186,N,E,S,W,22.499999772222186,42.99999954444437,2.0,90.0,3.0,60.0,0.8,0.25,0.6,45.0,0.15,10.0
2025-09-20T06:39:01.996658,SIGNAL_001,4,S,90.0,14.0,13.240576,0.0,28231.839869004263,0,1.3240576000000002,0.0,0.0,1.3240576000000002,20.499999772222186,N,E,S,W,44.99999954444437,65.49999931666655,2.0,90.0,3.0,60.0,0.8,0.25,0.6,45.0,0.15,10.0
2025-09-20T06:39:01.996658,SIGNAL_001,4,W,90.0,14.0,13.240576,0.0,28231.839869004263,0,1.3240576000000002,0.0,0.0,1.3240576000000002,20.499999772222186,N,E,S,W,67.49999931666655,87.99999908888873,2.0,90.0,3.0,60.0,0.8,0.25,0.6,45.0,0.15,10.0
2025-09-20T06:39:02.131690,SIGNAL_001,5,N,90.0,17.2,16.408115199999997,0.0,28867.24142769892,0,1.6408115199999995,0.0,0.0,1.6408115199999995,20.499999772222196,N,E,S,W,0.0,20.499999772222196,2.0,90.0,3.0,60.0,0.8,0.25,0.6,45.0,0.15,10.0
2025-09-20T06:39:02.131690,SIGNAL_001,5,E,90.0,17.2,16.408115199999997,0.0,28867.24142769892,0,1.6408115199999995,0.0,0.0,1.6408115199999995,20.499999772222196,N,E,S,W,22.499999772222196,42.99999954444439,2.0,90.0,3.0,60.0,0.8,0.25,0.6,45.0,0.15,10.0
2025-09-20T06:39:02.131690,SIGNAL_001,5,S,90.0,17.2,16.408115199999997,0.0,28867.24142769892,0,1.6408115199999995,0.0,0.0,1.6408115199999995,20.499999772222196,N,E,S,W,44.99999954444439,65.49999931666657,2.0,90.0,3.0,60.0,0.8,0.25,0.6,45.0,0.15,10.0
2025-09-20T06:39:02.131690,SIGNAL_001,5,W,90.0,17.2,16.408115199999997,0.0,28867.24142769892,0,1.6408115199999995,0.0,0.0,1.6408115199999995,20.499999772222196,N,E,S,W,67.49999931666657,87.99999908888877,2.0,90.0,3.0,60.0,0.8,0.25,0.6,45.0,0.15,10.0
2025-09-20T06:39:02.293393,SIGNAL_001,6,N,90.0,20.4,19.60162304,0.0,23975.57916008408,0,1.960162304,0.0,0.0,1.960162304,20.4999997722222,N,E,S,W,0.0,20.4999997722222,2.0,90.0,3.0,60.0,0.8,0.25,0.6,45.0,0.15,10.0
2025-09-20T06:39:02.293393,SIGNAL_001,6,E,90.0,20.4,19.60162304,0.0,23975.57916008408,0,1.960162304,0.0,0.0,1.960162304,20.4999997722222,N,E,S,W,22.4999997722222,42.99999954444439,2.0,90.0,3.0,60.0,0.8,0.25,0.6,45.0,0.15,10.0
2025-09-20T06:39:02.293393,SIGNAL_001,6,S,90.0,20.4,19.60162304,0.0,23975.57916008408,0,1.960162304,0.0,0.0,1.960162304,20.4999997722222,N,E,S,W,44.99999954444439,65.49999931666659,2.0,90.0,3.0,60.0,0.8,0.25,0.6,45.0,0.15,10.0
2025-09-20T06:39:02.293393,SIGNAL_001,6,W,90.0,20.4,19.60162304,0.0,23975.57916008408,0,1.960162304,0.0,0.0,1.960162304,20.4999997722222,N,E,S,W,67.49999931666659,87.99999908888879,2.0,90.0,3.0,60.0,0.8,0.25,0.6,45.0,0.15,10.0
2025-09-20T06:39:02.420976,SIGNAL_001,7,N,90.0,22.6,22.000324608,0.0,23483.729770764552,0,2.2000324608,0.0,0.0,2.2000324608,20.4999997722222,N,E,S,W,0.0,20.4999997722222,2.0,90.0,3.0,60.0,0.8,0.25,0.6,45.0,0.15,10.0
2025-09-20T06:39:02.420976,SIGNAL_001,7,E,90.0,22.6,22.000324608,0.0,23483.729770764552,0,2.2000324608,0.0,0.0,2.2000324608,20.4999997722222,N,E,S,W,22.4999997722222,42.9999995444444,2.0,90.0,3.0,60.0,0.8,0.25,0.6,45.0,0.15,10.0
2025-09-20T06:39:02.420976,SIGNAL_001,7,S,90.0,22.6,22.000324608,0.0,23483.729770764552,0,2.2000324608,0.0,0.0,2.2000324608,20.4999997722222,N,E,S,W,44.9999995444444,65.4999993166666,2.0,90.0,3.0,60.0,0.8,0.25,0.6,45.0,0.15,10.0
2025-09-20T06:39:02.420976,SIGNAL_001,7,W,90.0,22.6,22.000324608,0.0,23483.729770764552,0,2.2000324608,0.0,0.0,2.2000324608,20.4999997722222,N,E,S,W,67.4999993166666,87.9999990888888,2.0,90.0,3.0,60.0,0.8,0.25,0.6,45.0,0.15,10.0
2025-09-20T06:39:02.561832,SIGNAL_001,8,N,90.0,25.8,25.0400649216,0.0,27740.46228966693,0,2.50400649216,0.0,0.0,2.50400649216,20.499999772222203,N,E,S,W,0.0,20.499999772222203,2.0,90.0,3.0,60.0,0.8,0.25,0.6,45.0,0.15,10.0
2025-09-20T06:39:02.561832,SIGNAL_001,8,E,90.0,25.8,25.0400649216,0.0,27740.46228966693,0,2.50400649216,0.0,0.0,2.50400649216,20.499999772222203,N,E,S,W,22.499999772222203,42.99999954444441,2.0,90.0,3.0,60.0,0.8,0.25,0.6,45.0,0.15,10.0
2025-09-20T06:39:02.561832,SIGNAL_001,8,S,90.0,25.8,25.0400649216,0.0,27740.46228966693,0,2.50400649216,0.0,0.0,2.50400649216,20.499999772222203,N,E,S,W,44.99999954444441,65.49999931666662,2.0,90.0,3.0,60.0,0.8,0.25,0.6,45.0,0.15,10.0
2025-09-20T06:39:02.561832,SIGNAL_001,8,W,90.0,25.8,25.0400649216,0.0,27740.46228966693,0,2.50400649216,0.0,0.0,2.50400649216,20.499999772222203,N,E,S,W,67.49999931666662,87.99999908888881,2.0,90.0,3.0,60.0,0.8,0.25,0.6,45.0,0.15,10.0
2025-09-20T06:39:02.698457,SIGNAL_001,9,N,90.0,29.0,28.20801298432,2.3000000000000003,28485.942484112664,0,2.820801298432,2.3000000000000003,1.0,3.420801298432,23.60522256257476,N,E,S,W,0.0,23.60522256257476,2.0,90.0,3.0,60.0,0.8,0.25,0.6,45.0,0.15,10.0
2025-09-20T06:39:02.698457,SIGNAL_001,9,E,90.0,29.0,28.20801298432,0.0,28485.942484112664,0,2.820801298432,0.0,0.0,2.820801298432,19.464925508771355,N,E,S,W,25.60522256257476,45.07014807134611,2.0,90.0,3.0,60.0,0.8,0.25,0.6,45.0,0.15,10.0
2025-09-20T06:39:02.698457,SIGNAL_001,9,S,90.0,29.0,28.20801298432,0.0,28485.942484112664,0,2.820801298432,0.0,0.0,2.820801298432,19.464925508771355,N,E,S,W,47.07014807134611,66.53507358011747,2.0,90.0,3.0,60.0,0.8,0.25,0.6,45.0,0.15,10.0
2025-09-20T06:39:02.698457,SIGNAL_001,9,W,90.0,29.0,28.20801298432,0.0,28485.942484112664,0,2.820801298432,0.0,0.0,2.820801298432,19.464925508771355,N,E,S,W,68.53507358011747,87.99999908888883,2.0,90.0,3.0,60.0,0.8,0.25,0.6,45.0,0.15,10.0
2025-09-20T06:39:02.838241,SIGNAL_001,10,N,90.0,31.2,30.601602596864,0.0,21247.066903222112,0,3.0601602596864,0.0,0.0,3.0601602596864,20.499999772222207,N,E,S,W,0.0,20.499999772222207,2.0,90.0,3.0,60.0,0.8,0.25,0.6,45.0,0.15,10.0
2025-09-20T06:39:02.838241,SIGNAL_001,10,E,90.0,31.2,30.601602596864,0.0,21247.066903222112,0,3.0601602596864,0.0,0.0,3.0601602596864,20.499999772222207,N,E,S,W,22.499999772222207,42.999999544444414,2.0,90.0,3.0,60.0,0.8,0.25,0.6,45.0,0.15,10.0
2025-09-20T06:39:02.838241,SIGNAL_001,10,S,90.0,31.2,30.601602596864,0.0,21247.066903222112,0,3.0601602596864,0.0,0.0,3.0601602596864,20.499999772222207,N,E,S,W,44.999999544444414,65.49999931666662,2.0,90.0,3.0,60.0,0.8,0.25,0.6,45.0,0.15,10.0
2025-09-20T06:39:02.838241,SIGNAL_001,10,W,90.0,31.2,30.601602596864,0.0,21247.066903222112,0,3.0601602596864,0.0,0.0,3.0601602596864,20.499999772222207,N,E,S,W,67.49999931666662,87.99999908888883,2.0,90.0,3.0,60.0,0.8,0.25,0.6,45.0,0.15,10.0
2025-09-20T06:39:02.965321,SIGNAL_001,11,N,90.0,33.4,32.8403205193728,0.0,23905.277551155174,0,3.28403205193728,0.0,0.0,3.28403205193728,20.499999772222207,N,E,S,W,0.0,20.499999772222207,2.0,90.0,3.0,60.0,0.8,0.25,0.6,45.0,0.15,10.0
2025-09-20T06:39:02.965321,SIGNAL_001,11,E,90.0,33.4,32.8403205193728,0.0,23905.277551155174,0,3.28403205193728,0.0,0.0,3.28403205193728,20.499999772222207,N,E,S,W,22.499999772222207,42.999999544444414,2.0,90.0,3.0,60.0,0.8,0.25,0.6,45.0,0.15,10.0
2025-09-20T06:39:02.965321,SIGNAL_001,11,S,90.0,33.4,32.8403205193728,0.0,23905.277551155174,0,3.28403205193728,0.0,0.0,3.28403205193728,20.499999772222207,N,E,S,W,44.999999544444414,65.49999931666662,2.0,90.0,3.0,60.0,0.8,0.25,0.6,45.0,0.15,10.0
2025-09-20T06:39:02.965321,SIGNAL_001,11,W,90.0,33.4,32.8403205193728,0.0,23905.277551155174,0,3.28403205193728,0.0,0.0,3.28403205193728,20.499999772222207,N,E,S,W,67.49999931666662,87.99999908888883,2.0,90.0,3.0,60.0,0.8,0.25,0.6,45.0,0.15,10.0
2025-09-20T06:39:03.092307,SIGNAL_001,12,N,90.0,35.6,35.04806410387456,2.6500000000000004,23847.53071048996,0,3.504806410387456,2.6500000000000004,1.0,4.104806410387456,23.02407324196367,N,E,S,W,0.0,23.02407324196367,2.0,90.0,3.0,60.0,0.8,0.25,0.6,45.0,0.15,10.0
2025-09-20T06:39:03.092307,SIGNAL_001,12,E,90.0,35.6,35.04806410387456,0.0,23847.53071048996,0,3.504806410387456,0.0,0.0,3.504806410387456,19.65864194897506,N,E,S,W,25.02407324196367,44.68271519093873,2.0,90.0,3.0,60.0,0.8,0.25,0.6,45.0,0.15,10.0
2025-09-20T06:39:03.092307,SIGNAL_001,12,S,90.0,35.6,35.04806410387456,0.0,23847.53071048996,0,3.504806410387456,0.0,0.0,3.504806410387456,19.65864194897506,N,E,S,W,46.68271519093873,66.34135713991378,2.0,90.0,3.0,60.0,0.8,0.25,0.6,45.0,0.15,10.0
2025-09-20T06:39:03.092307,SIGNAL_001,12,W,90.0,35.6,35.04806410387456,0.0,23847.53071048996,0,3.504806410387456,0.0,0.0,3.504806410387456,19.65864194897506,N,E,S,W,68.34135713991378,87.99999908888884,2.0,90.0,3.0,60.0,0.8,0.25,0.6,45.0,0.15,10.0
2025-09-20T06:39:03.234060,SIGNAL_001,13,N,90.0,39.8,38.84961282077491,2.8000000000000003,34857.65007152043,0,3.884961282077491,2.8000000000000003,1.0,4.4849612820774905,22.786267037902213,N,E,S,W,0.0,22.786267037902213,2.0,90.0,3.0,60.0,0.8,0.25,0.6,45.0,0.15,10.0
2025-09-20T06:39:03.234060,SIGNAL_001,13,E,90.0,39.8,38.84961282077491,0.0,34857.65007152043,0,3.884961282077491,0.0,0.0,3.884961282077491,19.73791068366221,N,E,S,W,24.786267037902213,44.52417772156443,2.0,90.0,3.0,60.0,0.8,0.25,0.6,45.0,0.15,10.0
2025-09-20T06:39:03.234060,SIGNAL_001,13,S,90.0,39.8,38.84961282077491,0.0,34857.65007152043,0,3.884961282077491,0.0,0.0,3.884961282077491,19.73791068366221,N,E,S,W,46.52417772156443,66.26208840522663,2.0,90.0,3.0,60.0,0.8,0.25,0.6,45.0,0.15,10.0
2025-09-20T06:39:03.234060,SIGNAL_001,13,W,90.0,39.8,38.84961282077491,0.0,34857.65007152043,0,3.884961282077491,0.0,0.0,3.884961282077491,19.73791068366221,N,E,S,W,68.26208840522663,87.99999908888884,2.0,90.0,3.0,60.0,0.8,0.25,0.6,45.0,0.15,10.0
2025-09-20T06:39:03.449064,SIGNAL_001,14,N,90.0,44.0,42.96992256415498,2.8000000000000003,22424.83196325916,0,4.296992256415498,2.8000000000000003,1.0,4.896992256415498,22.57443556288307,N,E,S,W,0.0,22.57443556288307,2.0,90.0,3.0,60.0,0.8,0.25,0.6,45.0,0.15,10.0
2025-09-20T06:39:03.449064,SIGNAL_001,14,E,90.0,44.0,42.96992256415498,0.0,22424.83196325916,0,4.296992256415498,0.0,0.0,4.296992256415498,19.80852117533526,N,E,S,W,24.57443556288307,44.38295673821833,2.0,90.0,3.0,60.0,0.8,0.25,0.6,45.0,0.15,10.0
2025-09-20T06:39:03.449064,SIGNAL_001,14,S,90.0,44.0,42.96992256415498,0.0,22424.83196325916,0,4.296992256415498,0.0,0.0,4.296992256415498,19.80852117533526,N,E,S,W,46.38295673821833,66.1914779135536,2.0,90.0,3.0,60.0,0.8,0.25,0.6,45.0,0.15,10.0
2025-09-20T06:39:03.449064,SIGNAL_001,14,W,90.0,44.0,42.96992256415498,0.0,22424.83196325916,0,4.296992256415498,0.0,0.0,4.296992256415498,19.80852117533526,N,E,S,W,68.1914779135536,87.99999908888886,2.0,90.0,3.0,60.0,0.8,0.25,0.6,45.0,0.15,10.0
2025-09-20T06:39:03.594225,SIGNAL_001,15,N,90.0,52.2,50.353984512831,3.4000000000000004,54941.64834483515,0,5.0353984512831,3.4000000000000004,0.7472527472527474,5.483750099634748,21.220795691090807,W,N,E,S,23.807638386098866,45.02843407718967,2.0,90.0,3.0,60.0,0.8,0.25,0.6,45.0,0.15,10.0
2025-09-20T06:39:03.594225,SIGNAL_001,15,E,90.0,52.2,50.353984512831,0.0,54941.64834483515,0,5.0353984512831,0.0,0.0,5.0353984512831,19.485782505849592,W,N,E,S,47.02843407718967,66.51421658303926,2.0,90.0,3.0,60.0,0.8,0.25,0.6,45.0,0.15,10.0
2025-09-20T06:39:03.594225,SIGNAL_001,15,S,90.0,52.2,50.353984512831,0.0,54941.64834483515,0,5.0353984512831,0.0,0.0,5.0353984512831,19.485782505849592,W,N,E,S,68.51421658303926,87.99999908888884,2.0,90.0,3.0,60.0,0.8,0.25,0.6,45.0,0.15,10.0
2025-09-20T06:39:03.594225,SIGNAL_001,15,W,90.0,52.2,50.353984512831,4.55,54941.64834483515,0,5.0353984512831,4.55,1.0,5.635398451283099,21.807638386098866,W,N,E,S,0.0,21.807638386098866,2.0,90.0,3.0,60.0,0.8,0.25,0.6,45.0,0.15,10.0
2025-09-20T06:39:03.733706,SIGNAL_001,16,N,90.0,63.4,60.7907969025662,2.7,37347.40275359796,0,6.07907969025662,2.7,1.0,6.67907969025662,21.98095688887775,N,E,S,W,0.0,21.98095688887775,2.0,90.0,3.0,60.0,0.8,0.25,0.6,45.0,0.15,10.0
2025-09-20T06:39:03.733706,SIGNAL_001,16,E,90.0,63.4,60.7907969025662,0.0,37347.40275359796,0,6.07907969025662,0.0,0.0,6.07907969025662,20.0063474000037,N,E,S,W,23.98095688887775,43.98730428888145,2.0,90.0,3.0,60.0,0.8,0.25,0.6,45.0,0.15,10.0
2025-09-20T06:39:03.733706,SIGNAL_001,16,S,90.0,63.4,60.7907969025662,0.0,37347.40275359796,0,6.07907969025662,0.0,0.0,6.07907969025662,20.0063474000037,N,E,S,W,45.98730428888145,65.99365168888515,2.0,90.0,3.0,60.0,0.8,0.25,0.6,45.0,0.15,10.0
2025-09-20T06:39:03.733706,SIGNAL_001,16,W,90.0,63.4,60.7907969025662,0.0,37347.40275359796,0,6.07907969025662,0.0,0.0,6.07907969025662,20.0063474000037,N,E,S,W,67.99365168888515,87.99999908888886,2.0,90.0,3.0,60.0,0.8,0.25,0.6,45.0,0.15,10.0
2025-09-20T06:39:03.871577,SIGNAL_001,17,N,90.0,73.6,71.03815938051324,4.3,52494.00531420795,0,7.103815938051324,4.3,1.0,7.703815938051323,21.47228847283912,N,W,E,S,0.0,21.47228847283912,2.0,90.0,3.0,60.0,0.8,0.25,0.6,45.0,0.15,10.0
2025-09-20T06:39:03.871577,SIGNAL_001,17,E,90.0,73.6,71.03815938051324,0.0,52494.00531420795,0,7.103815938051324,0.0,0.0,7.103815938051324,19.79995190777805,N,W,E,S,46.40009527333277,66.20004718111082,2.0,90.0,3.0,60.0,0.8,0.25,0.6,45.0,0.15,10.0
2025-09-20T06:39:03.871577,SIGNAL_001,17,S,90.0,73.6,71.03815938051324,0.0,52494.00531420795,0,7.103815938051324,0.0,0.0,7.103815938051324,19.79995190777805,N,W,E,S,68.20004718111082,87.99999908888887,2.0,90.0,3.0,60.0,0.8,0.25,0.6,45.0,0.15,10.0
2025-09-20T06:39:03.871577,SIGNAL_001,17,W,90.0,73.6,71.03815938051324,2.9000000000000004,52494.00531420795,0,7.103815938051324,2.9000000000000004,0.6744186046511629,7.508467100842021,20.927806800493656,N,W,E,S,23.47228847283912,44.40009527333277,2.0,90.0,3.0,60.0,0.8,0.25,0.6,45.0,0.15,10.0
2025-09-20T06:39:04.007202,SIGNAL_001,18,N,90.0,84.8,82.04763187610264,4.45,56036.86635944701,0,8.204763187610265,4.45,1.0,8.804763187610265,21.392700046373925,N,W,E,S,0.0,21.392700046373925,2.0,90.0,3.0,60.0,0.8,0.25,0.6,45.0,0.15,10.0
2025-09-20T06:39:04.007202,SIGNAL_001,18,E,90.0,84.8,82.04763187610264,0.0,56036.86635944701,0,8.204763187610265,0.0,0.0,8.204763187610265,19.93489592895187,N,W,E,S,46.13020723098513,66.065103159937,2.0,90.0,3.0,60.0,0.8,0.25,0.6,45.0,0.15,10.0
2025-09-20T06:39:04.007202,SIGNAL_001,18,S,90.0,84.8,82.04763187610264,0.0,56036.86635944701,0,8.204763187610265,0.0,0.0,8.204763187610265,19.93489592895187,N,W,E,S,68.065103159937,87.99999908888887,2.0,90.0,3.0,60.0,0.8,0.25,0.6,45.0,0.15,10.0
2025-09-20T06:39:04.007202,SIGNAL_001,18,W,90.0,84.8,82.04763187610264,2.45,56036.86635944701,0,8.204763187610265,2.45,0.550561797752809,8.535100266261951,20.737507184611204,N,W,E,S,23.392700046373925,44.13020723098513,2.0,90.0,3.0,60.0,0.8,0.25,0.6,45.0,0.15,10.0
2025-09-20T06:39:04.136338,SIGNAL_001,19,N,90.0,97.0,94.00952637522052,2.75,60723.45556944494,0,9.400952637522051,2.75,0.7971014492753623,9.87921350708727,20.94240222534993,W,N,E,S,23.200470323007764,44.142872548357694,2.0,90.0,3.0,60.0,0.8,0.25,0.6,45.0,0.15,10.0
2025-09-20T06:39:04.136338,SIGNAL_001,19,E,90.0,97.0,94.00952637522052,0.0,60723.45556944494,0,9.400952637522051,0.0,0.0,9.400952637522051,19.928563270265595,W,N,E,S,46.142872548357694,66.07143581862329,2.0,90.0,3.0,60.0,0.8,0.25,0.6,45.0,0.15,10.0
2025-09-20T06:39:04.136338,SIGNAL_001,19,S,90.0,97.0,94.00952637522052,0.0,60723.45556944494,0,9.400952637522051,0.0,0.0,9.400952637522051,19.928563270265595,W,N,E,S,68.07143581862329,87.99999908888888,2.0,90.0,3.0,60.0,0.8,0.25,0.6,45.0,0.15,10.0
2025-09-20T06:39:04.136338,SIGNAL_001,19,W,90.0,97.0,94.00952637522052,3.45,60723.45556944494,0,9.400952637522051,3.45,1.0,10.000952637522053,21.200470323007764,W,N,E,S,0.0,21.200470323007764,2.0,90.0,3.0,60.0,0.8,0.25,0.6,45.0,0.15,10.0
2025-09-20T06:39:04.267537,SIGNAL_001,20,N,90.0,108.2,105.36190527504412,2.75,61707.87984866333,0,10.536190527504411,2.75,1.0,11.13619052750441,21.36326342766205,N,E,S,W,0.0,21.36326342766205,2.0,90.0,3.0,60.0,0.8,0.25,0.6,45.0,0.15,10.0
2025-09-20T06:39:04.267537,SIGNAL_001,20,E,90.0,108.2,105.36190527504412,0.0,61707.87984866333,0,10.536190527504411,0.0,0.0,10.536190527504411,20.21224522040894,N,E,S,W,23.36326342766205,43.57550864807099,2.0,90.0,3.0,60.0,0.8,0.25,0.6,45.0,0.15,10.0
2025-09-20T06:39:04.267537,SIGNAL_001,20,S,90.0,108.2,105.36190527504412,0.0,61707.87984866333,0,10.536190527504411,0.0,0.0,10.536190527504411,20.21224522040894,N,E,S,W,45.57550864807099,65.78775386847994,2.0,90.0,3.0,60.0,0.8,0.25,0.6,45.0,0.15,10.0
2025-09-20T06:39:04.267537,SIGNAL_001,20,W,90.0,108.2,105.36190527504412,0.0,61707.87984866333,0,10.536190527504411,0.0,0.0,10.536190527504411,20.21224522040894,N,E,S,W,67.78775386847994,87.99999908888887,2.0,90.0,3.0,60.0,0.8,0.25,0.6,45.0,0.15,10.0
2025-09-20T06:39:04.403337,SIGNAL_001,21,N,90.0,120.4,117.39238105500884,2.75,51321.84380675182,0,11.739238105500885,2.75,1.0,12.339238105500884,21.275911551904027,N,E,S,W,0.0,21.275911551904027,2.0,90.0,3.0,60.0,0.8,0.25,0.6,45.0,0.15,10.0
2025-09-20T06:39:04.403337,SIGNAL_001,21,E,90.0,120.4,117.39238105500884,0.0,51321.84380675182,0,11.739238105500885,0.0,0.0,11.739238105500885,20.24136251232828,N,E,S,W,23.275911551904027,43.51727406423231,2.0,90.0,3.0,60.0,0.8,0.25,0.6,45.0,0.15,10.0
2025-09-20T06:39:04.403337,SIGNAL_001,21,S,90.0,120.4,117.39238105500884,0.0,51321.84380675182,0,11.739238105500885,0.0,0.0,11.739238105500885,20.24136251232828,N,E,S,W,45.51727406423231,65.75863657656059,2.0,90.0,3.0,60.0,0.8,0.25,0.6,45.0,0.15,10.0
2025-09-20T06:39:04.403337,SIGNAL_001,21,W,90.0,120.4,117.39238105500884,0.0,51321.84380675182,0,11.739238105500885,0.0,0.0,11.739238105500885,20.24136251232828,N,E,S,W,67.75863657656059,87.99999908888887,2.0,90.0,3.0,60.0,0.8,0.25,0.6,45.0,0.15,10.0
2025-09-20T06:39:04.536360,SIGNAL_001,22,N,90.0,130.8,128.11847621100176,2.75,48471.02526653174,0,12.811847621100176,2.75,0.7971014492753623,13.290108490665393,20.82704860669065,W,N,E,S,23.017827093463897,43.84487570015455,2.0,90.0,3.0,60.0,0.8,0.25,0.6,45.0,0.15,10.0
2025-09-20T06:39:04.536360,SIGNAL_001,22,E,90.0,130.8,128.11847621100176,0.0,48471.02526653174,0,12.811847621100176,0.0,0.0,12.811847621100176,20.07756169436717,W,N,E,S,45.84487570015455,65.92243739452171,2.0,90.0,3.0,60.0,0.8,0.25,0.6,45.0,0.15,10.0
2025-09-20T06:39:04.536360,SIGNAL_001,22,S,90.0,130.8,128.11847621100176,0.0,48471.02526653174,0,12.811847621100176,0.0,0.0,12.811847621100176,20.07756169436717,W,N,E,S,67.92243739452171,87.99999908888887,2.0,90.0,3.0,60.0,0.8,0.25,0.6,45.0,0.15,10.0
2025-09-20T06:39:04.536360,SIGNAL_001,22,W,90.0,130.8,128.11847621100176,3.45,48471.02526653174,0,12.811847621100176,3.45,1.0,13.411847621100176,21.017827093463897,W,N,E,S,0.0,21.017827093463897,2.0,90.0,3.0,60.0,0.8,0.25,0.6,45.0,0.15,10.0
2025-09-20T06:39:04.685699,SIGNAL_001,23,N,90.0,140.2,137.78369524220034,2.75,47877.026351197244,0,13.778369524220034,2.75,1.0,14.378369524220034,21.162317057921644,N,E,S,W,0.0,21.162317057921644,2.0,90.0,3.0,60.0,0.8,0.25,0.6,45.0,0.15,10.0
2025-09-20T06:39:04.685699,SIGNAL_001,23,E,90.0,140.2,137.78369524220034,0.0,47877.026351197244,0,13.778369524220034,0.0,0.0,13.778369524220034,20.279227343655748,N,E,S,W,23.162317057921644,43.44154440157739,2.0,90.0,3.0,60.0,0.8,0.25,0.6,45.0,0.15,10.0
2025-09-20T06:39:04.685699,SIGNAL_001,23,S,90.0,140.2,137.78369524220034,0.0,47877.026351197244,0,13.778369524220034,0.0,0.0,13.778369524220034,20.279227343655748,N,E,S,W,45.44154440157739,65.72077174523314,2.0,90.0,3.0,60.0,0.8,0.25,0.6,45.0,0.15,10.0
2025-09-20T06:39:04.685699,SIGNAL_001,23,W,90.0,140.2,137.78369524220034,0.0,47877.026351197244,0,13.778369524220034,0.0,0.0,13.778369524220034,20.279227343655748,N,E,S,W,67.72077174523314,87.99999908888888,2.0,90.0,3.0,60.0,0.8,0.25,0.6,45.0,0.15,10.0
2025-09-20T06:39:04.829476,SIGNAL_001,24,N,90.0,153.6,150.43673904844005,2.75,57274.75491920825,0,15.043673904844004,2.75,1.0,15.643673904844004,21.10716035466429,N,E,S,W,0.0,21.10716035466429,2.0,90.0,3.0,60.0,0.8,0.25,0.6,45.0,0.15,10.0
2025-09-20T06:39:04.829476,SIGNAL_001,24,E,90.0,153.6,150.43673904844005,0.0,57274.75491920825,0,15.043673904844004,0.0,0.0,15.043673904844004,20.2976129114082,N,E,S,W,23.10716035466429,43.40477326607249,2.0,90.0,3.0,60.0,0.8,0.25,0.6,45.0,0.15,10.0
2025-09-20T06:39:04.829476,SIGNAL_001,24,S,90.0,153.6,150.43673904844005,0.0,57274.75491920825,0,15.043673904844004,0.0,0.0,15.043673904844004,20.2976129114082,N,E,S,W,45.40477326607249,65.70238617748069,2.0,90.0,3.0,60.0,0.8,0.25,0.6,45.0,0.15,10.0
2025-09-20T06:39:04.829476,SIGNAL_001,24,W,90.0,153.6,150.43673904844005,0.0,57274.75491920825,0,15.043673904844004,0.0,0.0,15.043673904844004,20.2976129114082,N,E,S,W,67.70238617748069,87.99999908888888,2.0,90.0,3.0,60.0,0.8,0.25,0.6,45.0,0.15,10.0
2025-09-20T06:39:04.980976,SIGNAL_001,25,N,90.0,165.0,162.087347809688,2.75,46399.90626281563,0,16.2087347809688,2.75,0.7857142857142857,16.680163352397372,20.75328117038021,W,N,E,S,22.913248369216834,43.66652953959705,2.0,90.0,3.0,60.0,0.8,0.25,0.6,45.0,0.15,10.0
2025-09-20T06:39:04.980976,SIGNAL_001,25,E,90.0,165.0,162.087347809688,0.0,46399.90626281563,0,16.2087347809688,0.0,0.0,16.2087347809688,20.16673477464592,W,N,E,S,45.66652953959705,65.83326431424297,2.0,90.0,3.0,60.0,0.8,0.25,0.6,45.0,0.15,10.0
2025-09-20T06:39:04.980976,SIGNAL_001,25,S,90.0,165.0,162.087347809688,0.0,46399.90626281563,0,16.2087347809688,0.0,0.0,16.2087347809688,20.16673477464592,W,N,E,S,67.83326431424297,87.99999908888888,2.0,90.0,3.0,60.0,0.8,0.25,0.6,45.0,0.15,10.0
2025-09-20T06:39:04.980976,SIGNAL_001,25,W,90.0,165.0,162.087347809688,3.5,46399.90626281563,0,16.2087347809688,3.5,1.0,16.808734780968802,20.913248369216834,W,N,E,S,0.0,20.913248369216834,2.0,90.0,3.0,60.0,0.8,0.25,0.6,45.0,0.15,10.0
2025-09-20T06:39:05.121903,SIGNAL_001,26,N,90.0,176.4,173.5374695619376,4.15,50312.30793419379,0,17.35374695619376,4.15,1.0,17.95374695619376,21.027029780173507,N,E,S,W,0.0,21.027029780173507,2.0,90.0,3.0,60.0,0.8,0.25,0.6,45.0,0.15,10.0
2025-09-20T06:39:05.121903,SIGNAL_001,26,E,90.0,176.4,173.5374695619376,0.0,50312.30793419379,0,17.35374695619376,0.0,0.0,17.35374695619376,20.32432310290513,N,E,S,W,23.027029780173507,43.35135288307863,2.0,90.0,3.0,60.0,0.8,0.25,0.6,45.0,0.15,10.0
2025-09-20T06:39:05.121903,SIGNAL_001,26,S,90.0,176.4,173.5374695619376,0.0,50312.30793419379,0,17.35374695619376,0.0,0.0,17.35374695619376,20.32432310290513,N,E,S,W,45.35135288307863,65.67567598598376,2.0,90.0,3.0,60.0,0.8,0.25,0.6,45.0,0.15,10.0
2025-09-20T06:39:05.121903,SIGNAL_001,26,W,90.0,176.4,173.5374695619376,0.0,50312.30793419379,0,17.35374695619376,0.0,0.0,17.35374695619376,20.32432310290513,N,E,S,W,67.67567598598376,87.99999908888888,2.0,90.0,3.0,60.0,0.8,0.25,0.6,45.0,0.15,10.0
2025-09-20T06:39:05.254548,SIGNAL_001,27,N,90.0,184.8,182.54749391238752,4.35,39266.839346656256,0,18.254749391238757,4.35,1.0,18.854749391238755,21.001229085450003,N,E,S,W,0.0,21.001229085450003,2.0,90.0,3.0,60.0,0.8,0.25,0.6,45.0,0.15,10.0
2025-09-20T06:39:05.254548,SIGNAL_001,27,E,90.0,184.8,182.54749391238752,0.0,39266.839346656256,0,18.254749391238757,0.0,0.0,18.254749391238757,20.332923334479627,N,E,S,W,23.001229085450003,43.33415241992963,2.0,90.0,3.0,60.0,0.8,0.25,0.6,45.0,0.15,10.0
2025-09-20T06:39:05.254548,SIGNAL_001,27,S,90.0,184.8,182.54749391238752,0.0,39266.839346656256,0,18.254749391238757,0.0,0.0,18.254749391238757,20.332923334479627,N,E,S,W,45.33415241992963,65.66707575440925,2.0,90.0,3.0,60.0,0.8,0.25,0.6,45.0,0.15,10.0
2025-09-20T06:39:05.254548,SIGNAL_001,27,W,90.0,184.8,182.54749391238752,0.0,39266.839346656256,0,18.254749391238757,0.0,0.0,18.254749391238757,20.332923334479627,N,E,S,W,67.66707575440925,87.99999908888888,2.0,90.0,3.0,60.0,0.8,0.25,0.6,45.0,0.15,10.0
2025-09-20T06:39:05.398894,SIGNAL_001,28,N,90.0,193.2,191.0694987824775,5.7,45347.160858346186,0,19.10694987824775,5.7,1.0,19.70694987824775,20.979047594220265,N,E,S,W,0.0,20.979047594220265,2.0,90.0,3.0,60.0,0.8,0.25,0.6,45.0,0.15,10.0
2025-09-20T06:39:05.398894,SIGNAL_001,28,E,90.0,193.2,191.0694987824775,0.0,45347.160858346186,0,19.10694987824775,0.0,0.0,19.10694987824775,20.34031716488954,N,E,S,W,22.979047594220265,43.3193647591098,2.0,90.0,3.0,60.0,0.8,0.25,0.6,45.0,0.15,10.0
2025-09-20T06:39:05.398894,SIGNAL_001,28,S,90.0,193.2,191.0694987824775,0.0,45347.160858346186,0,19.10694987824775,0.0,0.0,19.10694987824775,20.34031716488954,N,E,S,W,45.3193647591098,65.65968192399934,2.0,90.0,3.0,60.0,0.8,0.25,0.6,45.0,0.15,10.0
2025-09-20T06:39:05.398894,SIGNAL_001,28,W,90.0,193.2,191.0694987824775,0.0,45347.160858346186,0,19.10694987824775,0.0,0.0,19.10694987824775,20.34031716488954,N,E,S,W,67.65968192399934,87.99999908888888,2.0,90.0,3.0,60.0,0.8,0.25,0.6,45.0,0.15,10.0
2025-09-20T06:39:05.537158,SIGNAL_001,29,N,90.0,205.4,202.53389975649552,7.25,41582.988187247065,0,20.25338997564955,7.25,1.0,20.853389975649552,20.95213051659899,N,E,S,W,0.0,20.95213051659899,2.0,90.0,3.0,60.0,0.8,0.25,0.6,45.0,0.15,10.0
2025-09-20T06:39:05.537158,SIGNAL_001,29,E,90.0,205.4,202.53389975649552,0.0,41582.988187247065,0,20.25338997564955,0.0,0.0,20.25338997564955,20.349289524096637,N,E,S,W,22.95213051659899,43.301420040695625,2.0,90.0,3.0,60.0,0.8,0.25,0.6,45.0,0.15,10.0
2025-09-20T06:39:05.537158,SIGNAL_001,29,S,90.0,205.4,202.53389975649552,0.0,41582.988187247065,0,20.25338997564955,0.0,0.0,20.25338997564955,20.349289524096637,N,E,S,W,45.301420040695625,65.65070956479227,2.0,90.0,3.0,60.0,0.8,0.25,0.6,45.0,0.15,10.0
2025-09-20T06:39:05.537158,SIGNAL_001,29,W,90.0,205.4,202.53389975649552,0.0,41582.988187247065,0,20.25338997564955,0.0,0.0,20.25338997564955,20.349289524096637,N,E,S,W,67.65070956479227,87.9999990888889,2.0,90.0,3.0,60.0,0.8,0.25,0.6,45.0,0.15,10.0
2025-09-20T06:39:05.682732,SIGNAL_001,30,N,90.0,216.6,213.78677995129908,7.5,34966.632490276665,0,21.37867799512991,7.5,1.0,21.97867799512991,20.864534029890184,N,W,E,S,0.0,20.864534029890184,2.0,90.0,3.0,60.0,0.8,0.25,0.6,45.0,0.15,10.0
2025-09-20T06:39:05.682732,SIGNAL_001,30,E,90.0,216.6,213.78677995129908,0.0,34966.632490276665,0,21.37867799512991,0.0,0.0,21.37867799512991,20.294949252283992,N,W,E,S,45.4101005843209,65.7050498366049,2.0,90.0,3.0,60.0,0.8,0.25,0.6,45.0,0.15,10.0
2025-09-20T06:39:05.682732,SIGNAL_001,30,S,90.0,216.6,213.78677995129908,0.0,34966.632490276665,0,21.37867799512991,0.0,0.0,21.37867799512991,20.294949252283992,N,W,E,S,67.7050498366049,87.9999990888889,2.0,90.0,3.0,60.0,0.8,0.25,0.6,45.0,0.15,10.0
2025-09-20T06:39:05.682732,SIGNAL_001,30,W,90.0,216.6,213.78677995129908,3.3000000000000003,34966.632490276665,0,21.37867799512991,3.3000000000000003,0.44,21.642677995129908,20.54556655443072,N,W,E,S,22.864534029890184,43.4101005843209,2.0,90.0,3.0,60.0,0.8,0.25,0.6,45.0,0.15,10.0
2025-09-20T06:39:05.820430,SIGNAL_001,31,N,90.0,225.6,223.23735599025983,2.75,22579.056406708227,0,22.323735599025984,2.75,1.0,22.923735599025985,20.91047892273336,N,E,S,W,0.0,20.91047892273336,2.0,90.0,3.0,60.0,0.8,0.25,0.6,45.0,0.15,10.0
2025-09-20T06:39:05.820430,SIGNAL_001,31,E,90.0,225.6,223.23735599025983,0.0,22579.056406708227,0,22.323735599025984,0.0,0.0,22.323735599025984,20.36317338871851,N,E,S,W,22.91047892273336,43.27365231145187,2.0,90.0,3.0,60.0,0.8,0.25,0.6,45.0,0.15,10.0
2025-09-20T06:39:05.820430,SIGNAL_001,31,S,90.0,225.6,223.23735599025983,0.0,22579.056406708227,0,22.323735599025984,0.0,0.0,22.323735599025984,20.36317338871851,N,E,S,W,45.27365231145187,65.63682570017038,2.0,90.0,3.0,60.0,0.8,0.25,0.6,45.0,0.15,10.0
2025-09-20T06:39:05.820430,SIGNAL_001,31,W,90.0,225.6,223.23735599025983,0.0,22579.056406708227,0,22.323735599025984,0.0,0.0,22.323735599025984,20.36317338871851,N,E,S,W,67.63682570017038,87.99999908888888,2.0,90.0,3.0,60.0,0.8,0.25,0.6,45.0,0.15,10.0
2025-09-20T06:39:05.959782,SIGNAL_001,32,N,90.0,231.8,230.087471198052,4.2,22389.34496813824,0,23.0087471198052,4.2,1.0,23.6087471198052,20.89833737873337,N,E,S,W,0.0,20.89833737873337,2.0,90.0,3.0,60.0,0.8,0.25,0.6,45.0,0.15,10.0
2025-09-20T06:39:05.959782,SIGNAL_001,32,E,90.0,231.8,230.087471198052,0.0,22389.34496813824,0,23.0087471198052,0.0,0.0,23.0087471198052,20.36722057005184,N,E,S,W,22.89833737873337,43.26555794878521,2.0,90.0,3.0,60.0,0.8,0.25,0.6,45.0,0.15,10.0
2025-09-20T06:39:05.959782,SIGNAL_001,32,S,90.0,231.8,230.087471198052,0.0,22389.34496813824,0,23.0087471198052,0.0,0.0,23.0087471198052,20.36722057005184,N,E,S,W,45.26555794878521,65.63277851883706,2.0,90.0,3.0,60.0,0.8,0.25,0.6,45.0,0.15,10.0
2025-09-20T06:39:05.959782,SIGNAL_001,32,W,90.0,231.8,230.087471198052,0.0,22389.34496813824,0,23.0087471198052,0.0,0.0,23.0087471198052,20.36722057005184,N,E,S,W,67.63277851883706,87.9999990888889,2.0,90.0,3.0,60.0,0.8,0.25,0.6,45.0,0.15,10.0
2025-09-20T06:39:06.115027,SIGNAL_001,33,N,90.0,238.0,236.4174942396104,4.300000000000001,20164.480547577677,0,23.64174942396104,4.300000000000001,1.0,24.24174942396104,20.887739224799404,N,E,S,W,0.0,20.887739224799404,2.0,90.0,3.0,60.0,0.8,0.25,0.6,45.0,0.15,10.0
2025-09-20T06:39:06.115027,SIGNAL_001,33,E,90.0,238.0,236.4174942396104,0.0,20164.480547577677,0,23.64174942396104,0.0,0.0,23.64174942396104,20.370753288029835,N,E,S,W,22.887739224799404,43.25849251282924,2.0,90.0,3.0,60.0,0.8,0.25,0.6,45.0,0.15,10.0
2025-09-20T06:39:06.115027,SIGNAL_001,33,S,90.0,238.0,236.4174942396104,0.0,20164.480547577677,0,23.64174942396104,0.0,0.0,23.64174942396104,20.370753288029835,N,E,S,W,45.25849251282924,65.62924580085907,2.0,90.0,3.0,60.0,0.8,0.25,0.6,45.0,0.15,10.0
2025-09-20T06:39:06.115027,SIGNAL_001,33,W,90.0,238.0,236.4174942396104,0.0,20164.480547577677,0,23.64174942396104,0.0,0.0,23.64174942396104,20.370753288029835,N,E,S,W,67.62924580085907,87.9999990888889,2.0,90.0,3.0,60.0,0.8,0.25,0.6,45.0,0.15,10.0
2025-09-20T06:39:06.242559,SIGNAL_001,34,N,90.0,242.2,241.04349884792205,6.9,24624.608191786323,0,24.104349884792207,6.9,1.0,24.704349884792208,20.88034391425525,N,E,S,W,0.0,20.88034391425525,2.0,90.0,3.0,60.0,0.8,0.25,0.6,45.0,0.15,10.0
2025-09-20T06:39:06.242559,SIGNAL_001,34,E,90.0,242.2,241.04349884792205,0.0,24624.608191786323,0,24.104349884792207,0.0,0.0,24.104349884792207,20.373218391544548,N,E,S,W,22.88034391425525,43.25356230579979,2.0,90.0,3.0,60.0,0.8,0.25,0.6,45.0,0.15,10.0
2025-09-20T06:39:06.242559,SIGNAL_001,34,S,90.0,242.2,241.04349884792205,0.0,24624.608191786323,0,24.104349884792207,0.0,0.0,24.104349884792207,20.373218391544548,N,E,S,W,45.25356230579979,65.62678069734434,2.0,90.0,3.0,60.0,0.8,0.25,0.6,45.0,0.15,10.0
2025-09-20T06:39:06.242559,SIGNAL_001,34,W,90.0,242.2,241.04349884792205,0.0,24624.608191786323,0,24.104349884792207,0.0,0.0,24.104349884792207,20.373218391544548,N,E,S,W,67.62678069734434,87.9999990888889,2.0,90.0,3.0,60.0,0.8,0.25,0.6,45.0,0.15,10.0
2025-09-20T06:39:06.380039,SIGNAL_001,35,N,90.0,246.4,245.3286997695844,6.800000000000001,22912.42362525458,0,24.53286997695844,6.800000000000001,1.0,25.13286997695844,20.873740747486103,N,E,S,W,0.0,20.873740747486103,2.0,90.0,3.0,60.0,0.8,0.25,0.6,45.0,0.15,10.0
2025-09-20T06:39:06.380039,SIGNAL_001,35,E,90.0,246.4,245.3286997695844,0.0,22912.42362525458,0,24.53286997695844,0.0,0.0,24.53286997695844,20.375419447134263,N,E,S,W,22.873740747486103,43.249160194620366,2.0,90.0,3.0,60.0,0.8,0.25,0.6,45.0,0.15,10.0
2025-09-20T06:39:06.380039,SIGNAL_001,35,S,90.0,246.4,245.3286997695844,0.0,22912.42362525458,0,24.53286997695844,0.0,0.0,24.53286997695844,20.375419447134263,N,E,S,W,45.249160194620366,65.62457964175462,2.0,90.0,3.0,60.0,0.8,0.25,0.6,45.0,0.15,10.0
2025-09-20T06:39:06.380039,SIGNAL_001,35,W,90.0,246.4,245.3286997695844,0.0,22912.42362525458,0,24.53286997695844,0.0,0.0,24.53286997695844,20.375419447134263,N,E,S,W,67.62457964175462,87.99999908888888,2.0,90.0,3.0,60.0,0.8,0.25,0.6,45.0,0.15,10.0
2025-09-20T06:39:06.511083,SIGNAL_001,36,N,90.0,252.6,251.1457399539169,6.8500000000000005,33477.64517576506,0,25.114573995391687,6.8500000000000005,1.0,25.71457399539169,20.865135550849747,N,E,S,W,0.0,20.865135550849747,2.0,90.0,3.0,60.0,0.8,0.25,0.6,45.0,0.15,10.0
2025-09-20T06:39:06.511083,SIGNAL_001,36,E,90.0,252.6,251.1457399539169,0.0,33477.64517576506,0,25.114573995391687,0.0,0.0,25.114573995391687,20.37828784601305,N,E,S,W,22.865135550849747,43.2434233968628,2.0,90.0,3.0,60.0,0.8,0.25,0.6,45.0,0.15,10.0
2025-09-20T06:39:06.511083,SIGNAL_001,36,S,90.0,252.6,251.1457399539169,0.0,33477.64517576506,0,25.114573995391687,0.0,0.0,25.114573995391687,20.37828784601305,N,E,S,W,45.2434233968628,65.62171124287585,2.0,90.0,3.0,60.0,0.8,0.25,0.6,45.0,0.15,10.0
2025-09-20T06:39:06.511083,SIGNAL_001,36,W,90.0,252.6,251.1457399539169,0.0,33477.64517576506,0,25.114573995391687,0.0,0.0,25.114573995391687,20.37828784601305,N,E,S,W,67.62171124287585,87.9999990888889,2.0,90.0,3.0,60.0,0.8,0.25,0.6,45.0,0.15,10.0
2025-09-20T06:39:06.644095,SIGNAL_001,37,N,90.0,259.6,257.9091479907834,6.7,32315.583322224484,0,25.790914799078344,6.7,1.0,26.390914799078345,20.855615600305043,N,E,S,W,0.0,20.855615600305043,2.0,90.0,3.0,60.0,0.8,0.25,0.6,45.0,0.15,10.0
2025-09-20T06:39:06.644095,SIGNAL_001,37,E,90.0,259.6,257.9091479907834,0.0,32315.583322224484,0,25.790914799078344,0.0,0.0,25.790914799078344,20.381461162861285,N,E,S,W,22.855615600305043,43.23707676316633,2.0,90.0,3.0,60.0,0.8,0.25,0.6,45.0,0.15,10.0
2025-09-20T06:39:06.644095,SIGNAL_001,37,S,90.0,259.6,257.9091479907834,0.0,32315.583322224484,0,25.790914799078344,0.0,0.0,25.790914799078344,20.381461162861285,N,E,S,W,45.23707676316633,65.61853792602761,2.0,90.0,3.0,60.0,0.8,0.25,0.6,45.0,0.15,10.0
2025-09-20T06:39:06.644095,SIGNAL_001,37,W,90.0,259.6,257.9091479907834,0.0,32315.583322224484,0,25.790914799078344,0.0,0.0,25.790914799078344,20.381461162861285,N,E,S,W,67.61853792602761,87.9999990888889,2.0,90.0,3.0,60.0,0.8,0.25,0.6,45.0,0.15,10.0
2025-09-20T06:39:06.785840,SIGNAL_001,38,N,90.0,265.8,264.22182959815666,4.9,21422.67207910116,0,26.422182959815665,4.9,1.0,27.022182959815662,20.75868237252916,N,W,E,S,0.0,20.75868237252916,2.0,90.0,3.0,60.0,0.8,0.25,0.6,45.0,0.15,10.0
2025-09-20T06:39:06.785840,SIGNAL_001,38,E,90.0,265.8,264.22182959815666,0.0,21422.67207910116,0,26.422182959815665,0.0,0.0,26.422182959815665,20.29775701198225,N,W,E,S,45.40448506492438,65.70224207690663,2.0,90.0,3.0,60.0,0.8,0.25,0.6,45.0,0.15,10.0
2025-09-20T06:39:06.785840,SIGNAL_001,38,S,90.0,265.8,264.22182959815666,0.0,21422.67207910116,0,26.422182959815665,0.0,0.0,26.422182959815665,20.29775701198225,N,W,E,S,67.70224207690663,87.99999908888888,2.0,90.0,3.0,60.0,0.8,0.25,0.6,45.0,0.15,10.0
2025-09-20T06:39:06.785840,SIGNAL_001,38,W,90.0,265.8,264.22182959815666,3.7,21422.67207910116,0,26.422182959815665,3.7,0.7551020408163265,26.875244184305465,20.645802692395225,N,W,E,S,22.75868237252916,43.40448506492438,2.0,90.0,3.0,60.0,0.8,0.25,0.6,45.0,0.15,10.0
2025-09-20T06:39:06.913713,SIGNAL_001,39,N,90.0,272.0,270.44436591963137,6.700000000000001,23993.97697857889,0,27.044436591963137,6.700000000000001,1.0,27.64443659196314,20.77593885711628,N,W,E,S,0.0,20.77593885711628,2.0,90.0,3.0,60.0,0.8,0.25,0.6,45.0,0.15,10.0
2025-09-20T06:39:06.913713,SIGNAL_001,39,E,90.0,272.0,270.44436591963137,0.0,23993.97697857889,0,27.044436591963137,0.0,0.0,27.044436591963137,20.325014011069896,N,W,E,S,45.3499710667491,65.674985077819,2.0,90.0,3.0,60.0,0.8,0.25,0.6,45.0,0.15,10.0
2025-09-20T06:39:06.913713,SIGNAL_001,39,S,90.0,272.0,270.44436591963137,0.0,23993.97697857889,0,27.044436591963137,0.0,0.0,27.044436591963137,20.325014011069896,N,W,E,S,67.674985077819,87.9999990888889,2.0,90.0,3.0,60.0,0.8,0.25,0.6,45.0,0.15,10.0
2025-09-20T06:39:06.913713,SIGNAL_001,39,W,90.0,272.0,270.44436591963137,3.7,23993.97697857889,0,27.044436591963137,3.7,0.5522388059701492,27.375779875545227,20.574032209632826,N,W,E,S,22.77593885711628,43.3499710667491,2.0,90.0,3.0,60.0,0.8,0.25,0.6,45.0,0.15,10.0
2025-09-20T06:39:07.048691,SIGNAL_001,40,N,90.0,280.2,278.24887318392626,6.65,31690.2811932889,0,27.824887318392623,6.65,1.0,28.424887318392628,20.77030697939229,N,W,E,S,0.0,20.77030697939229,2.0,90.0,3.0,60.0,0.8,0.25,0.6,45.0,0.15,10.0
2025-09-20T06:39:07.048691,SIGNAL_001,40,E,90.0,280.2,278.24887318392626,0.0,31690.2811932889,0,27.824887318392623,0.0,0.0,27.824887318392623,20.331881875079866,N,W,E,S,45.33623533872917,65.66811721380903,2.0,90.0,3.0,60.0,0.8,0.25,0.6,45.0,0.15,10.0
2025-09-20T06:39:07.048691,SIGNAL_001,40,S,90.0,280.2,278.24887318392626,0.0,31690.2811932889,0,27.824887318392623,0.0,0.0,27.824887318392623,20.331881875079866,N,W,E,S,67.66811721380903,87.99999908888888,2.0,90.0,3.0,60.0,0.8,0.25,0.6,45.0,0.15,10.0
2025-09-20T06:39:07.048691,SIGNAL_001,40,W,90.0,280.2,278.24887318392626,3.5500000000000003,31690.2811932889,0,27.824887318392623,3.5500000000000003,0.5338345864661656,28.14518807027233,20.565928359336876,N,W,E,S,22.77030697939229,43.33623533872917,2.0,90.0,3.0,60.0,0.8,0.25,0.6,45.0,0.15,10.0
2025-09-20T06:39:07.183366,SIGNAL_001,41,N,90.0,285.4,283.96977463678525,5.1,18274.29670756197,0,28.396977463678525,5.1,1.0,28.99697746367853,20.8231513180991,N,E,S,W,0.0,20.8231513180991,2.0,90.0,3.0,60.0,0.8,0.25,0.6,45.0,0.15,10.0
2025-09-20T06:39:07.183366,SIGNAL_001,41,E,90.0,285.4,283.96977463678525,0.0,18274.29670756197,0,28.396977463678525,0.0,0.0,28.396977463678525,20.392282590263267,N,E,S,W,22.8231513180991,43.21543390836237,2.0,90.0,3.0,60.0,0.8,0.25,0.6,45.0,0.15,10.0
2025-09-20T06:39:07.183366,SIGNAL_001,41,S,90.0,285.4,283.96977463678525,0.0,18274.29670756197,0,28.396977463678525,0.0,0.0,28.396977463678525,20.392282590263267,N,E,S,W,45.21543390836237,65.60771649862563,2.0,90.0,3.0,60.0,0.8,0.25,0.6,45.0,0.15,10.0
2025-09-20T06:39:07.183366,SIGNAL_001,41,W,90.0,285.4,283.96977463678525,0.0,18274.29670756197,0,28.396977463678525,0.0,0.0,28.396977463678525,20.392282590263267,N,E,S,W,67.60771649862563,87.9999990888889,2.0,90.0,3.0,60.0,0.8,0.25,0.6,45.0,0.15,10.0
2025-09-20T06:39:07.324239,SIGNAL_001,42,N,90.0,288.6,287.67395492735704,5.050000000000001,17586.1900778624,0,28.767395492735705,5.050000000000001,1.0,29.367395492735707,20.819011901091763,N,E,S,W,0.0,20.819011901091763,2.0,90.0,3.0,60.0,0.8,0.25,0.6,45.0,0.15,10.0
2025-09-20T06:39:07.324239,SIGNAL_001,42,E,90.0,288.6,287.67395492735704,0.0,17586.1900778624,0,28.767395492735705,0.0,0.0,28.767395492735705,20.393662395932378,N,E,S,W,22.819011901091763,43.21267429702414,2.0,90.0,3.0,60.0,0.8,0.25,0.6,45.0,0.15,10.0
2025-09-20T06:39:07.324239,SIGNAL_001,42,S,90.0,288.6,287.67395492735704,0.0,17586.1900778624,0,28.767395492735705,0.0,0.0,28.767395492735705,20.393662395932378,N,E,S,W,45.21267429702414,65.60633669295652,2.0,90.0,3.0,60.0,0.8,0.25,0.6,45.0,0.15,10.0
2025-09-20T06:39:07.324239,SIGNAL_001,42,W,90.0,288.6,287.67395492735704,0.0,17586.1900778624,0,28.767395492735705,0.0,0.0,28.767395492735705,20.393662395932378,N,E,S,W,67.60633669295652,87.9999990888889,2.0,90.0,3.0,60.0,0.8,0.25,0.6,45.0,0.15,10.0
2025-09-20T06:39:07.454474,SIGNAL_001,43,N,90.0,291.8,290.97479098547143,5.300000000000001,19144.517365387743,0,29.097479098547144,5.300000000000001,1.0,29.697479098547145,20.81541156776252,N,E,S,W,0.0,20.81541156776252,2.0,90.0,3.0,60.0,0.8,0.25,0.6,45.0,0.15,10.0
2025-09-20T06:39:07.454474,SIGNAL_001,43,E,90.0,291.8,290.97479098547143,0.0,19144.517365387743,0,29.097479098547144,0.0,0.0,29.097479098547144,20.394862507042127,N,E,S,W,22.81541156776252,43.21027407480464,2.0,90.0,3.0,60.0,0.8,0.25,0.6,45.0,0.15,10.0
2025-09-20T06:39:07.454474,SIGNAL_001,43,S,90.0,291.8,290.97479098547143,0.0,19144.517365387743,0,29.097479098547144,0.0,0.0,29.097479098547144,20.394862507042127,N,E,S,W,45.21027407480464,65.60513658184678,2.0,90.0,3.0,60.0,0.8,0.25,0.6,45.0,0.15,10.0
2025-09-20T06:39:07.454474,SIGNAL_001,43,W,90.0,291.8,290.97479098547143,0.0,19144.517365387743,0,29.097479098547144,0.0,0.0,29.097479098547144,20.394862507042127,N,E,S,W,67.60513658184678,87.9999990888889,2.0,90.0,3.0,60.0,0.8,0.25,0.6,45.0,0.15,10.0
2025-09-20T06:39:07.592438,SIGNAL_001,44,N,90.0,296.0,294.99495819709426,7.800000000000001,22650.83645008843,0,29.499495819709427,7.800000000000001,1.0,30.09949581970943,20.81113490765909,N,E,S,W,0.0,20.81113490765909,2.0,90.0,3.0,60.0,0.8,0.25,0.6,45.0,0.15,10.0
2025-09-20T06:39:07.592438,SIGNAL_001,44,E,90.0,296.0,294.99495819709426,0.0,22650.83645008843,0,29.499495819709427,0.0,0.0,29.499495819709427,20.396288060409937,N,E,S,W,22.81113490765909,43.20742296806903,2.0,90.0,3.0,60.0,0.8,0.25,0.6,45.0,0.15,10.0
2025-09-20T06:39:07.592438,SIGNAL_001,44,S,90.0,296.0,294.99495819709426,0.0,22650.83645008843,0,29.499495819709427,0.0,0.0,29.499495819709427,20.396288060409937,N,E,S,W,45.20742296806903,65.60371102847895,2.0,90.0,3.0,60.0,0.8,0.25,0.6,45.0,0.15,10.0
2025-09-20T06:39:07.592438,SIGNAL_001,44,W,90.0,296.0,294.99495819709426,0.0,22650.83645008843,0,29.499495819709427,0.0,0.0,29.499495819709427,20.396288060409937,N,E,S,W,67.60371102847895,87.9999990888889,2.0,90.0,3.0,60.0,0.8,0.25,0.6,45.0,0.15,10.0
2025-09-20T06:39:07.725567,SIGNAL_001,45,N,90.0,301.2,299.95899163941885,8.15,28358.400759189604,0,29.995899163941885,8.15,1.0,30.595899163941887,20.806011540102556,N,E,S,W,0.0,20.806011540102556,2.0,90.0,3.0,60.0,0.8,0.25,0.6,45.0,0.15,10.0
2025-09-20T06:39:07.725567,SIGNAL_001,45,E,90.0,301.2,299.95899163941885,0.0,28358.400759189604,0,29.995899163941885,0.0,0.0,29.995899163941885,20.397995849595446,N,E,S,W,22.806011540102556,43.204007389698,2.0,90.0,3.0,60.0,0.8,0.25,0.6,45.0,0.15,10.0
2025-09-20T06:39:07.725567,SIGNAL_001,45,S,90.0,301.2,299.95899163941885,0.0,28358.400759189604,0,29.995899163941885,0.0,0.0,29.995899163941885,20.397995849595446,N,E,S,W,45.204007389698,65.60200323929345,2.0,90.0,3.0,60.0,0.8,0.25,0.6,45.0,0.15,10.0
2025-09-20T06:39:07.725567,SIGNAL_001,45,W,90.0,301.2,299.95899163941885,0.0,28358.400759189604,0,29.995899163941885,0.0,0.0,29.995899163941885,20.397995849595446,N,E,S,W,67.60200323929345,87.9999990888889,2.0,90.0,3.0,60.0,0.8,0.25,0.6,45.0,0.15,10.0
2025-09-20T06:39:07.866312,SIGNAL_001,46,N,90.0,304.4,303.5117983278837,5.15,17838.012833935678,0,30.35117983278837,5.15,1.0,30.951179832788377,20.80244708567281,N,E,S,W,0.0,20.80244708567281,2.0,90.0,3.0,60.0,0.8,0.25,0.6,45.0,0.15,10.0
2025-09-20T06:39:07.866312,SIGNAL_001,46,E,90.0,304.4,303.5117983278837,0.0,17838.012833935678,0,30.35117983278837,0.0,0.0,30.35117983278837,20.39918400107203,N,E,S,W,22.80244708567281,43.20163108674484,2.0,90.0,3.0,60.0,0.8,0.25,0.6,45.0,0.15,10.0
2025-09-20T06:39:07.866312,SIGNAL_001,46,S,90.0,304.4,303.5117983278837,0.0,17838.012833935678,0,30.35117983278837,0.0,0.0,30.35117983278837,20.39918400107203,N,E,S,W,45.20163108674484,65.60081508781687,2.0,90.0,3.0,60.0,0.8,0.25,0.6,45.0,0.15,10.0
2025-09-20T06:39:07.866312,SIGNAL_001,46,W,90.0,304.4,303.5117983278837,0.0,17838.012833935678,0,30.35117983278837,0.0,0.0,30.35117983278837,20.39918400107203,N,E,S,W,67.60081508781687,87.9999990888889,2.0,90.0,3.0,60.0,0.8,0.25,0.6,45.0,0.15,10.0
2025-09-20T06:39:08.000165,SIGNAL_001,47,N,90.0,306.6,305.9823596655768,2.6500000000000004,14114.188917185762,0,30.59823596655768,2.6500000000000004,1.0,31.19823596655768,20.80001697995841,N,E,S,W,0.0,20.80001697995841,2.0,90.0,3.0,60.0,0.8,0.25,0.6,45.0,0.15,10.0
2025-09-20T06:39:08.000165,SIGNAL_001,47,E,90.0,306.6,305.9823596655768,0.0,14114.188917185762,0,30.59823596655768,0.0,0.0,30.59823596655768,20.39999403631016,N,E,S,W,22.80001697995841,43.200011016268576,2.0,90.0,3.0,60.0,0.8,0.25,0.6,45.0,0.15,10.0
2025-09-20T06:39:08.000165,SIGNAL_001,47,S,90.0,306.6,305.9823596655768,0.0,14114.188917185762,0,30.59823596655768,0.0,0.0,30.59823596655768,20.39999403631016,N,E,S,W,45.200011016268576,65.60000505257874,2.0,90.0,3.0,60.0,0.8,0.25,0.6,45.0,0.15,10.0
2025-09-20T06:39:08.000165,SIGNAL_001,47,W,90.0,306.6,305.9823596655768,0.0,14114.188917185762,0,30.59823596655768,0.0,0.0,30.59823596655768,20.39999403631016,N,E,S,W,67.60000505257874,87.9999990888889,2.0,90.0,3.0,60.0,0.8,0.25,0.6,45.0,0.15,10.0
2025-09-20T06:39:08.136929,SIGNAL_001,48,N,90.0,310.8,309.8364719331154,0.0,23225.926327361693,0,30.983647193311537,0.0,0.0,30.983647193311537,20.499999772222225,N,E,S,W,0.0,20.499999772222225,2.0,90.0,3.0,60.0,0.8,0.25,0.6,45.0,0.15,10.0
2025-09-20T06:39:08.136929,SIGNAL_001,48,E,90.0,310.8,309.8364719331154,0.0,23225.926327361693,0,30.983647193311537,0.0,0.0,30.983647193311537,20.499999772222225,N,E,S,W,22.499999772222225,42.99999954444445,2.0,90.0,3.0,60.0,0.8,0.25,0.6,45.0,0.15,10.0
2025-09-20T06:39:08.136929,SIGNAL_001,48,S,90.0,310.8,309.8364719331154,0.0,23225.926327361693,0,30.983647193311537,0.0,0.0,30.983647193311537,20.499999772222225,N,E,S,W,44.99999954444445,65.49999931666667,2.0,90.0,3.0,60.0,0.8,0.25,0.6,45.0,0.15,10.0
2025-09-20T06:39:08.136929,SIGNAL_001,48,W,90.0,310.8,309.8364719331154,0.0,23225.926327361693,0,30.983647193311537,0.0,0.0,30.983647193311537,20.499999772222225,N,E,S,W,67.49999931666667,87.9999990888889,2.0,90.0,3.0,60.0,0.8,0.25,0.6,45.0,0.15,10.0
